            <value>
              <struct>
                <member>
                  <name>class</name>
                  <value>VM</value>
                </member>
                <member>
                  <name>id</name>
                  <value>{0}</value>
                </member>
                <member>
                  <name>snapshot</name>
                  <value>
                    <struct>
                      <member>
                        <name>uuid</name>
                        <value>{1}</value>
                      </member>
                      <member>
                        <name>allowed_operations</name>
                        <value>
                          <array>
                            <data>
                              <value>copy</value>
                              <value>clone</value>
                              <value>export</value>
                            </data>
                          </array>
                        </value>
                      </member>
                      <member>
                        <name>current_operations</name>
                        <value>
                          <struct>
                            <member>
                              <name>OpaqueRef:b3215dfd-1735-ac53-5f26-599ac1f29a7e</name>
                              <value>export</value>
                            </member>
                          </struct>
                        </value>
                      </member>
                      <member>
                        <name>power_state</name>
                        <value>Halted</value>
                      </member>
                      <member>
                        <name>name_label</name>
                        <value>{2}</value>
                      </member>
                      <member>
                        <name>name_description</name>
                        <value/>
                      </member>
                      <member>
                        <name>user_version</name>
                        <value>1</value>
                      </member>
                      <member>
                        <name>is_a_template</name>
                        <value>
                          <boolean>0</boolean>
                        </value>
                      </member>
                      <member>
                        <name>suspend_VDI</name>
                        <value>OpaqueRef:NULL</value>
                      </member>
                      <member>
                        <name>resident_on</name>
                        <value>OpaqueRef:NULL</value>
                      </member>
                      <member>
                        <name>affinity</name>
                        <value>OpaqueRef:80629459-b051-4e03-a43e-63c88329fcd0</value>
                      </member>
                      <member>
                        <name>memory_target</name>
                        <value>268435456</value>
                      </member>
                      <member>
                        <name>memory_static_max</name>
                        <value>268435456</value>
                      </member>
                      <member>
                        <name>memory_dynamic_max</name>
                        <value>268435456</value>
                      </member>
                      <member>
                        <name>memory_dynamic_min</name>
                        <value>268435456</value>
                      </member>
                      <member>
                        <name>memory_static_min</name>
                        <value>16777216</value>
                      </member>
                      <member>
                        <name>VCPUs_params</name>
                        <value>
                          <struct/>
                        </value>
                      </member>
                      <member>
                        <name>VCPUs_max</name>
                        <value>1</value>
                      </member>
                      <member>
                        <name>VCPUs_at_startup</name>
                        <value>1</value>
                      </member>
                      <member>
                        <name>actions_after_shutdown</name>
                        <value>destroy</value>
                      </member>
                      <member>
                        <name>actions_after_reboot</name>
                        <value>restart</value>
                      </member>
                      <member>
                        <name>actions_after_crash</name>
                        <value>restart</value>
                      </member>
                      <member>
                        <name>consoles</name>
                        <value>
                          <array>
                            <data/>
                          </array>
                        </value>
                      </member>
                      <member>
                        <name>VIFs</name>
                        <value>
                          <array>
                            <data/>
                          </array>
                        </value>
                      </member>
                      <member>
                        <name>VBDs</name>
                        <value>
                          <array>
                            <data>
{3}                            </data>
                          </array>
                        </value>
                      </member>
                      <member>
                        <name>crash_dumps</name>
                        <value>
                          <array>
                            <data/>
                          </array>
                        </value>
                      </member>
                      <member>
                        <name>VTPMs</name>
                        <value>
                          <array>
                            <data/>
                          </array>
                        </value>
                      </member>
                      <member>
                        <name>PV_bootloader</name>
                        <value/>
                      </member>
                      <member>
                        <name>PV_kernel</name>
                        <value/>
                      </member>
                      <member>
                        <name>PV_ramdisk</name>
                        <value/>
                      </member>
                      <member>
                        <name>PV_args</name>
                        <value/>
                      </member>
                      <member>
                        <name>PV_bootloader_args</name>
                        <value/>
                      </member>
                      <member>
                        <name>PV_legacy_args</name>
                        <value/>
                      </member>
                      <member>
                        <name>HVM_boot_policy</name>
                        <value>BIOS order</value>
                      </member>
                      <member>
                        <name>HVM_boot_params</name>
                        <value>
                          <struct>
                            <member>
                              <name>order</name>
                              <value>dc</value>
                            </member>
                          </struct>
                        </value>
                      </member>
                      <member>
                        <name>HVM_shadow_multiplier</name>
                        <value>
                          <double>1</double>
                        </value>
                      </member>
                      <member>
                        <name>platform</name>
                        <value>
                          <struct>
                            <member>
                              <name>timeoffset</name>
                              <value>0</value>
                            </member>
                            <member>
                              <name>nx</name>
                              <value>false</value>
                            </member>
                            <member>
                              <name>acpi</name>
                              <value>true</value>
                            </member>
                            <member>
                              <name>apic</name>
                              <value>true</value>
                            </member>
                            <member>
                              <name>pae</name>
                              <value>true</value>
                            </member>
                            <member>
                              <name>viridian</name>
                              <value>true</value>
                            </member>
                          </struct>
                        </value>
                      </member>
                      <member>
                        <name>PCI_bus</name>
                        <value/>
                      </member>
                      <member>
                        <name>other_config</name>
                        <value>
                          <struct>
                            <member>
                              <name>last_shutdown_time</name>
                              <value>19700101T00:00:00Z</value>
                            </member>
                            <member>
                              <name>last_shutdown_action</name>
                              <value>Destroy</value>
                            </member>
                            <member>
                              <name>last_shutdown_initiator</name>
                              <value>external</value>
                            </member>
                            <member>
                              <name>last_shutdown_reason</name>
                              <value>halted</value>
                            </member>
                            <member>
                              <name>install-methods</name>
                              <value>cdrom</value>
                            </member>
                            <member>
                              <name>mac_seed</name>
                              <value>9deed486-a5d6-3055-d322-81167e63fa25</value>
                            </member>
                          </struct>
                        </value>
                      </member>
                      <member>
                        <name>domid</name>
                        <value>-1</value>
                      </member>
                      <member>
                        <name>domarch</name>
                        <value>hvm</value>
                      </member>
                      <member>
                        <name>last_boot_CPU_flags</name>
                        <value>
                          <struct/>
                        </value>
                      </member>
                      <member>
                        <name>is_control_domain</name>
                        <value>
                          <boolean>0</boolean>
                        </value>
                      </member>
                      <member>
                        <name>metrics</name>
                        <value>OpaqueRef:NULL</value>
                      </member>
                      <member>
                        <name>guest_metrics</name>
                        <value>OpaqueRef:NULL</value>
                      </member>
                      <member>
                        <name>last_booted_record</name>
                        <value></value>
                      </member>
                      <member>
                        <name>recommendations</name>
                        <value></value>
                      </member>
                      <member>
                        <name>xenstore_data</name>
                        <value>
                          <struct/>
                        </value>
                      </member>
                      <member>
                        <name>ha_always_run</name>
                        <value>
                          <boolean>0</boolean>
                        </value>
                      </member>
                      <member>
                        <name>ha_restart_priority</name>
                        <value/>
                      </member>
                      <member>
                        <name>is_a_snapshot</name>
                        <value>
                          <boolean>0</boolean>
                        </value>
                      </member>
                      <member>
                        <name>snapshot_of</name>
                        <value>OpaqueRef:NULL</value>
                      </member>
                      <member>
                        <name>snapshots</name>
                        <value>
                          <array>
                            <data/>
                          </array>
                        </value>
                      </member>
                      <member>
                        <name>snapshot_time</name>
                        <value>
                          <dateTime.iso8601>19700101T00:00:00Z</dateTime.iso8601>
                        </value>
                      </member>
                      <member>
                        <name>transportable_snapshot_id</name>
                        <value/>
                      </member>
                      <member>
                        <name>blobs</name>
                        <value>
                          <struct/>
                        </value>
                      </member>
                      <member>
                        <name>tags</name>
                        <value>
                          <array>
                            <data/>
                          </array>
                        </value>
                      </member>
                      <member>
                        <name>blocked_operations</name>
                        <value>
                          <struct/>
                        </value>
                      </member>
                    </struct>
                  </value>
                </member>
              </struct>
            </value>
