            <value>
              <struct>
                <member>
                  <name>class</name>
                  <value>VDI</value>
                </member>
                <member>
                  <name>id</name>
                  <value>{0}</value>
                </member>
                <member>
                  <name>snapshot</name>
                  <value>
                    <struct>
                      <member>
                        <name>uuid</name>
                        <value>{1}</value>
                      </member>
                      <member>
                        <name>name_label</name>
                        <value>{2}</value>
                      </member>
                      <member>
                        <name>name_description</name>
                        <value/>
                      </member>
                      <member>
                        <name>allowed_operations</name>
                        <value>
                          <array>
                            <data>
                              <value>clone</value>
                              <value>destroy</value>
                              <value>update</value>
                            </data>
                          </array>
                        </value>
                      </member>
                      <member>
                        <name>current_operations</name>
                        <value>
                          <struct/>
                        </value>
                      </member>
                      <member>
                        <name>SR</name>
                        <value>{3}</value>
                      </member>
                      <member>
                        <name>VBDs</name>
                        <value>
                          <array>
                            <data>
                              <value>{4}</value>
                            </data>
                          </array>
                        </value>
                      </member>
                      <member>
                        <name>crash_dumps</name>
                        <value>
                          <array>
                            <data/>
                          </array>
                        </value>
                      </member>
                      <member>
                        <name>virtual_size</name>
                        <value>{5}</value>
                      </member>
                      <member>
                        <name>physical_utilisation</name>
                        <value>5120</value>
                      </member>
                      <member>
                        <name>type</name>
                        <value>user</value>
                      </member>
                      <member>
                        <name>sharable</name>
                        <value>
                          <boolean>0</boolean>
                        </value>
                      </member>
                      <member>
                        <name>read_only</name>
                        <value>
                          <boolean>0</boolean>
                        </value>
                      </member>
                      <member>
                        <name>other_config</name>
                        <value>
                          <struct/>
                        </value>
                      </member>
                      <member>
                        <name>storage_lock</name>
                        <value>
                          <boolean>0</boolean>
                        </value>
                      </member>
                      <member>
                        <name>location</name>
                        <value>{1}</value>
                      </member>
                      <member>
                        <name>managed</name>
                        <value>
                          <boolean>1</boolean>
                        </value>
                      </member>
                      <member>
                        <name>missing</name>
                        <value>
                          <boolean>0</boolean>
                        </value>
                      </member>
                      <member>
                        <name>parent</name>
                        <value>OpaqueRef:NULL</value>
                      </member>
                      <member>
                        <name>xenstore_data</name>
                        <value>
                          <struct>
                            <member>
                              <name>scsi/0x12/0x83</name>
                              <value>AIMAMQIBAC1YRU5TUkMgIDhhYzIzYTE2LWI5NWUtNDQ4YS04ZTA5LWY5ZmU0NTEyYTk4NCA=</value>
                            </member>
                            <member>
                              <name>scsi/0x12/0x80</name>
                              <value>AIAAJjhhYzIzYTE2LWI5NWUtNDQ4YS04ZTA5LWY5ZmU0NTEyYTk4NCAg</value>
                            </member>
                            <member>
                              <name>vdi-uuid</name>
                              <value>{1}</value>
                            </member>
                            <member>
                              <name>storage-type</name>
                              <value>ext</value>
                            </member>
                          </struct>
                        </value>
                      </member>
                      <member>
                        <name>sm_config</name>
                        <value>
                          <struct>
                            <member>
                              <name>vhd-parent</name>
                              <value>7fe09881-8bff-4138-8381-adebcd968786</value>
                            </member>
                          </struct>
                        </value>
                      </member>
                      <member>
                        <name>is_a_snapshot</name>
                        <value>
                          <boolean>0</boolean>
                        </value>
                      </member>
                      <member>
                        <name>snapshot_of</name>
                        <value>OpaqueRef:NULL</value>
                      </member>
                      <member>
                        <name>snapshots</name>
                        <value>
                          <array>
                            <data/>
                          </array>
                        </value>
                      </member>
                      <member>
                        <name>snapshot_time</name>
                        <value>
                          <dateTime.iso8601>19700101T00:00:00Z</dateTime.iso8601>
                        </value>
                      </member>
                      <member>
                        <name>tags</name>
                        <value>
                          <array>
                            <data/>
                          </array>
                        </value>
                      </member>
                    </struct>
                  </value>
                </member>
              </struct>
            </value>
